Workbook

Sheet 멱법칙
A1: 날짜 | B1: 시가 (USD) | C1: 종가 (USD) | D1: 현재 시그마 | E1: 1시그마 (USD) | F1: 2시그마 (USD) | G1: 경과일수 | H1: 중심가 (USD) | I1: -1시그마 (USD) | J1: -2시그마 (USD) | K1: log10(경과일수) | L1: log10(종가)
A2: 40377 | B2: 0.09 | C2: 0.09 | D2: =(L2-(설정!$B$5+설정!$B$4*K2))/설정!$B$6 -> -0.61520146 | E2: =H2*설정!$B$8 -> 0.27625147 | F2: =H2*설정!$B$9 -> 0.55316337 | G2: =A2-설정!$B$3 -> 561 | H2: =10^(설정!$B$5+설정!$B$4*K2) -> 0.13796082 | I2: =H2/설정!$B$8 -> 0.068898055 | J2: =H2/설정!$B$9 -> 0.034407899 | K2: =LOG10(G2) -> 2.7489629 | L2: =LOG10(C2) -> -1.0457575
A3: 40378 | B3: 0.09 | C3: 0.08 | D3: =(L3-(설정!$B$5+설정!$B$4*K3))/설정!$B$6 -> -0.79938917 | E3: =H3*설정!$B$8 -> 0.27905747 | F3: =H3*설정!$B$9 -> 0.55878209 | G3: =A3-설정!$B$3 -> 562 | H3: =10^(설정!$B$5+설정!$B$4*K3) -> 0.13936215 | I3: =H3/설정!$B$8 -> 0.069597883 | J3: =H3/설정!$B$9 -> 0.034757394 | K3: =LOG10(G3) -> 2.7497363 | L3: =LOG10(C3) -> -1.09691
A4: 40379 | B4: 0.08 | C4: 0.07 | D4: =(L4-(설정!$B$5+설정!$B$4*K4))/설정!$B$6 -> -1.006232 | E4: =H4*설정!$B$8 -> 0.28188692 | F4: =H4*설정!$B$9 -> 0.56444774 | G4: =A4-설정!$B$3 -> 563 | H4: =10^(설정!$B$5+설정!$B$4*K4) -> 0.14077518 | I4: =H4/설정!$B$8 -> 0.070303555 | J4: =H4/설정!$B$9 -> 0.035109809 | K4: =LOG10(G4) -> 2.7505084 | L4: =LOG10(C4) -> -1.154902
A5: 40380 | B5: 0.07 | C5: 0.08 | D5: =(L5-(설정!$B$5+설정!$B$4*K5))/설정!$B$6 -> -0.82842176 | E5: =H5*설정!$B$8 -> 0.28473995 | F5: =H5*설정!$B$9 -> 0.57016062 | G5: =A5-설정!$B$3 -> 564 | H5: =10^(설정!$B$5+설정!$B$4*K5) -> 0.1422 | I5: =H5/설정!$B$8 -> 0.071015111 | J5: =H5/설정!$B$9 -> 0.035465163 | K5: =LOG10(G5) -> 2.7512791 | L5: =LOG10(C5) -> -1.09691
A6: 40381 | B6: 0.08 | C6: 0.06 | D6: =(L6-(설정!$B$5+설정!$B$4*K6))/설정!$B$6 -> -1.2572229 | E6: =H6*설정!$B$8 -> 0.28761673 | F6: =H6*설정!$B$9 -> 0.57592106 | G6: =A6-설정!$B$3 -> 565 | H6: =10^(설정!$B$5+설정!$B$4*K6) -> 0.14363667 | I6: =H6/설정!$B$8 -> 0.07173259 | J6: =H6/설정!$B$9 -> 0.035823474 | K6: =LOG10(G6) -> 2.7520484 | L6: =LOG10(C6) -> -1.2218487
A7: 40382 | B7: 0.06 | C7: 0.06 | D7: =(L7-(설정!$B$5+설정!$B$4*K7))/설정!$B$6 -> -1.271675 | E7: =H7*설정!$B$8 -> 0.29051741 | F7: =H7*설정!$B$9 -> 0.58172935 | G7: =A7-설정!$B$3 -> 566 | H7: =10^(설정!$B$5+설정!$B$4*K7) -> 0.14508528 | I7: =H7/설정!$B$8 -> 0.072456029 | J7: =H7/설정!$B$9 -> 0.036184761 | K7: =LOG10(G7) -> 2.7528164 | L7: =LOG10(C7) -> -1.2218487
A8: 40383 | B8: 0.06 | C8: 0.05 | D8: =(L8-(설정!$B$5+설정!$B$4*K8))/설정!$B$6 -> -1.5486835 | E8: =H8*설정!$B$8 -> 0.29344214 | F8: =H8*설정!$B$9 -> 0.58758581 | G8: =A8-설정!$B$3 -> 567 | H8: =10^(설정!$B$5+설정!$B$4*K8) -> 0.1465459 | I8: =H8/설정!$B$8 -> 0.073185468 | J8: =H8/설정!$B$9 -> 0.036549045 | K8: =LOG10(G8) -> 2.7535831 | L8: =LOG10(C8) -> -1.30103
A9: 40384 | B9: 0.05 | C9: 0.05 | D9: =(L9-(설정!$B$5+설정!$B$4*K9))/설정!$B$6 -> -1.5630846 | E9: =H9*설정!$B$8 -> 0.29639109 | F9: =H9*설정!$B$9 -> 0.59349076 | G9: =A9-설정!$B$3 -> 568 | H9: =10^(설정!$B$5+설정!$B$4*K9) -> 0.14801861 | I9: =H9/설정!$B$8 -> 0.073920945 | J9: =H9/설정!$B$9 -> 0.036916345 | K9: =LOG10(G9) -> 2.7543483 | L9: =LOG10(C9) -> -1.30103
A10: 40385 | B10: 0.05 | C10: 0.06 | D10: =(L10-(설정!$B$5+설정!$B$4*K10))/설정!$B$6 -> -1.3148786 | E10: =H10*설정!$B$8 -> 0.29936441 | F10: =H10*설정!$B$9 -> 0.5994445 | G10: =A10-설정!$B$3 -> 569 | H10: =10^(설정!$B$5+설정!$B$4*K10) -> 0.1495035 | I10: =H10/설정!$B$8 -> 0.074662501 | J10: =H10/설정!$B$9 -> 0.03728668 | K10: =LOG10(G10) -> 2.7551123 | L10: =LOG10(C10) -> -1.2218487
A11: 40386 | B11: 0.06 | C11: 0.06 | D11: =(L11-(설정!$B$5+설정!$B$4*K11))/설정!$B$6 -> -1.3292292 | E11: =H11*설정!$B$8 -> 0.30236225 | F11: =H11*설정!$B$9 -> 0.60544736 | G11: =A11-설정!$B$3 -> 570 | H11: =10^(설정!$B$5+설정!$B$4*K11) -> 0.15100063 | I11: =H11/설정!$B$8 -> 0.075410174 | J11: =H11/설정!$B$9 -> 0.03766007 | K11: =LOG10(G11) -> 2.7558749 | L11: =LOG10(C11) -> -1.2218487
A12: 40387 | B12: 0.06 | C12: 0.06 | D12: =(L12-(설정!$B$5+설정!$B$4*K12))/설정!$B$6 -> -1.3435547 | E12: =H12*설정!$B$8 -> 0.30538478 | F12: =H12*설정!$B$9 -> 0.61149965 | G12: =A12-설정!$B$3 -> 571 | H12: =10^(설정!$B$5+설정!$B$4*K12) -> 0.15251009 | I12: =H12/설정!$B$8 -> 0.076164003 | J12: =H12/설정!$B$9 -> 0.038036535 | K12: =LOG10(G12) -> 2.7566361 | L12: =LOG10(C12) -> -1.2218487
A13: 40388 | B13: 0.06 | C13: 0.07 | D13: =(L13-(설정!$B$5+설정!$B$4*K13))/설정!$B$6 -> -1.1358453 | E13: =H13*설정!$B$8 -> 0.30843216 | F13: =H13*설정!$B$9 -> 0.61760169 | G13: =A13-설정!$B$3 -> 572 | H13: =10^(설정!$B$5+설정!$B$4*K13) -> 0.15403196 | I13: =H13/설정!$B$8 -> 0.07692403 | J13: =H13/설정!$B$9 -> 0.038416095 | K13: =LOG10(G13) -> 2.757396 | L13: =LOG10(C13) -> -1.154902
... A5790: 46165 | B5790: 75567.54 | C5790: 76619.87 | D5790: =(L5790-(설정!$B$5+설정!$B$4*K5790))/설정!$B$6 -> -0.77933544 | E5790: =H5790*설정!$B$8 -> 263571.17 | F5790: =H5790*설정!$B$9 -> 527772.46 | G5790: =A5790-설정!$B$3 -> 6349 | H5790: =10^(설정!$B$5+설정!$B$4*K5790) -> 131628.24 | I5790: =H5790/설정!$B$8 -> 65735.546 | J5790: =H5790/설정!$B$9 -> 32828.532 | K5790: =LOG10(G5790) -> 3.8027053 | L5790: =LOG10(C5790) -> 4.8843414

Sheet 설정
A1: 비트코인 멱법칙(Power Law) 파라미터
A3: 제네시스 블록 날짜 | B3: 39816 | C3: 비트코인 제네시스 블록 생성일 (고정 입력값)
A4: 기울기 b (지수) | B4: =SLOPE(멱법칙!L2:L8000,멱법칙!K2:K8000) -> 5.674625 | C4: log10(종가) = a + b·log10(경과일수) 회귀의 기울기
A5: 절편 a | B5: =INTERCEPT(멱법칙!L2:L8000,멱법칙!K2:K8000) -> -16.459578 | C5: 회귀 절편 (가격 = 10^a × 경과일수^b)
A6: σ (log10 잔차 표준편차) | B6: =STEYX(멱법칙!L2:L8000,멱법칙!K2:K8000) -> 0.30154882 | C6: 회귀 잔차의 표준오차 — 1σ = 중심선 × 10^σ
A7: 결정계수 R² | B7: =RSQ(멱법칙!L2:L8000,멱법칙!K2:K8000) -> 0.96155336 | C7: 적합도
A8: 1σ 배수 (×중심선) | B8: =10^B6 -> 2.0023907 | C8: +1σ 밴드 = 중심선 × 이 값
A9: 2σ 배수 (×중심선) | B9: =10^(2*B6) -> 4.0095684 | C9: +2σ 밴드 = 중심선 × 이 값
A12: ■ 계산 방식
A13: 중심가 = 10^(a + b × log10(경과일수)) (경과일수 = 날짜 − 제네시스 블록일)
A14: 현재 시그마 = (log10(종가) − log10(중심가)) / σ → 0 = 중심선, +1 = 1σ 위, −1 = 1σ 아래
A15: 1시그마 = 중심가 × 10^σ, 2시그마 = 중심가 × 10^(2σ) (상단 밴드 가격)
A16: a, b, σ 는 전체 기간(2010-07-18~) 종가로 엑셀이 직접 로그-로그 회귀해 계산합니다 (SLOPE/INTERCEPT/STEYX).
A18: ■ 데이터 출처
A19: Coin Metrics Community Data, btc.csv 의 PriceUSD (UTC 기준 일별 종가) — https://github.com/coinmetrics/data
A20: 수록 기간: 2010-07-18 ~ 2026-05-23 (5,789일). 시가 = 전일 종가 (첫 행은 당일 종가).
A22: ■ 데이터 추가 방법 (파란 글씨 = 입력값)
A23: '멱법칙' 시트 마지막 행 아래에 A(날짜)·B(시가)·C(종가)를 입력하고, D~L 열 수식을 위 행에서 복사해 내리세요.
A24: 회귀 범위는 8000행까지 잡혀 있어 추가한 행이 자동으로 파라미터에 반영됩니다.

Sheet 차트
